"sub","thr","drift","group"
23260,2.32361422958074,-0.103833279479432,"CONTROL"
24247,2.85346213709636,-0.0771545544839683,"DEPRESSION"
29829,3.12710545164215,0.095009114429682,"IDEATOR-ATTEMPTER"
36209,2.60591236748115,-0.256483680022712,"ATTEMPTER"
37542,2.29307671946357,0.326079795297767,"ATTEMPTER"
45709,2.94761462463978,-0.154542671584365,"ATTEMPTER"
46069,2.02202560069554,-1.06593095820842,"CONTROL"
110215,3.39148398914564,-0.545064376250832,"ATTEMPTER"
113961,2.43863058193888,-0.402257631542489,"ATTEMPTER"
114567,2.12565908527995,-0.350438165332162,"IDEATOR"
115105,2.56369359191763,-0.449656575050359,"ATTEMPTER"
115251,2.16880616286071,-0.626728361239657,"IDEATOR"
115300,4.49188778808932,-0.968940419784244,"IDEATOR"
202200,1.50384959563657,-0.221204963610035,"DEPRESSION"
202278,2.29602803479611,-0.511702854298347,"DEPRESSION"
203264,4.15822315714692,-1.1542589945668,"CONTROL"
203803,3.17999792301489,0.237867548081704,"DEPRESSION"
204015,1.81913463668068,-0.228464932846921,"CONTROL"
204059,2.59304824325564,0.171464807432403,"DEPRESSION"
204155,3.2538356350551,-0.637855530006374,"DEPRESSION"
206270,2.77447357098753,-0.20760036238952,"DEPRESSION"
207224,2.7345522455812,-0.231520474214995,"DEPRESSION"
207351,2.33568407272494,-0.016388143171804,"CONTROL"
207686,2.73116925740715,0.144275871868104,"CONTROL"
207734,2.79558643933472,-0.74883519306468,"CONTROL"
207769,3.07729005613325,-0.148862880921446,"DEPRESSION"
208510,2.34046343857672,-0.0119358984562269,"ATTEMPTER"
208554,2.85498703213586,-0.673171557519325,"CONTROL"
208572,2.23634416390821,0.120731782109783,"DEPRESSION"
208806,1.68625448223738,-0.10038415163217,"IDEATOR"
208899,2.56330528843482,-0.186995840298915,"DEPRESSION"
209114,2.3361803217713,-0.679755344145906,"CONTROL"
209214,3.05459595726024,0.211702556542514,"ATTEMPTER"
209237,1.74424463342875,0.363672463037074,"DEPRESSION"
209452,3.06456884694453,-0.0651267688758709,"CONTROL"
209460,2.79026172274171,-0.0484771869214456,"DEPRESSION"
209468,2.74152498894819,-0.444005092522356,"IDEATOR"
209662,2.50414543310038,-0.51271245892985,"DEPRESSION"
209691,2.12626828878881,0.400952795712533,"DEPRESSION"
209770,2.39027785306307,-0.0194753857725346,"DEPRESSION"
209805,2.71895109373254,-0.630544326796374,"DEPRESSION-IDEATOR"
209847,2.15996639978368,-0.11515840707225,"CONTROL"
210003,4.75437183791209,-1.77617261204233,"CONTROL"
210026,1.98135120809311,-0.0826296179526253,"CONTROL"
210079,2.71943537952096,-0.231794986272554,"DEPRESSION"
210100,2.62323839224209,0.0027534899073088,"DEPRESSION"
210106,2.42381515568656,-0.60634916241877,"CONTROL"
210185,2.2919154269528,-0.0376742599094997,"IDEATOR"
210290,1.27337235408771,0.537992642279545,"IDEATOR"
210292,2.13263269967538,0.190462637065866,"DEPRESSION"
210374,2.65441049062519,-0.735016657354574,"IDEATOR"
210381,2.00204172400863,-0.147497641971131,"ATTEMPTER"
210387,2.29430144824885,-0.630451097113644,"ATTEMPTER"
210504,2.49641600627575,-1.32096041047412,"IDEATOR"
210507,2.58403330403344,-0.0382990710965715,"ATTEMPTER"
210548,2.62772362014075,-0.0968336452871882,"IDEATOR"
210591,2.3831877555976,0.00997030201596082,"IDEATOR"
210623,2.17797608157557,0.0579240068676313,"IDEATOR"
210626,2.24400280246167,-0.177065984384217,"DEPRESSION"
210685,1.73256590679521,0.138895709562348,"ATTEMPTER"
210701,2.81942146767783,-0.131933267639944,"ATTEMPTER"
210813,2.35177694194594,-0.584415914147167,"ATTEMPTER"
210873,2.07528528820258,-0.412760453019292,"CONTROL"
210881,2.71614344426844,-1.00457409276241,"CONTROL"
210962,2.34709259503026,-0.0772884461001099,"DEPRESSION"
211038,2.39030025268786,-0.608032039810906,"CONTROL"
211101,2.49608774068765,0.22526996829547,"CONTROL"
211188,1.78350869074829,-0.264428158791692,"ATTEMPTER"
211245,3.09541684802684,0.309010336497295,"ATTEMPTER"
211253,2.43423781296799,-0.120806888463176,"CONTROL"
211669,1.63657421356978,0.39510338674537,"DEPRESSION"
211705,2.3289440639102,0.14112621172776,"ATTEMPTER"
212019,1.90078774516296,0.144605132806464,"CONTROL"
212020,2.35063475461893,-0.452930169835236,"CONTROL"
212121,1.97504547748275,-0.149305242278888,"CONTROL"
212179,2.53657773474794,-0.497817297529106,"CONTROL"
212255,2.66203305130952,0.191572276096952,"ATTEMPTER"
212385,2.10401501781526,0.365280445275857,"IDEATOR"
212655,1.63539560382687,-0.185354728405219,"DEPRESSION"
212794,2.54238981960443,-0.312616324404372,"CONTROL"
212856,2.5668408765123,-0.588421443700367,"CONTROL"
212857,2.21148581818384,-0.152148998615121,"CONTROL"
213163,2.13589807331715,-0.659705879653802,"ATTEMPTER"
213167,1.94022405569908,-0.17542071409207,"CONTROL"
213227,2.77461721655596,-0.193968182079653,"ATTEMPTER"
213704,2.06036485404511,-0.230574316358252,"CONTROL"
213760,2.23483629244515,-0.0710916188419447,"IDEATOR"
213868,1.50424440931844,-0.83879467614037,"CONTROL"
214082,2.25372805935359,-1.244192824627,"DEPRESSION"
214123,1.99394367610694,-0.445859740917513,"CONTROL"
214229,2.35848513482597,0.322921294885237,"ATTEMPTER"
214542,2.68473611291083,0.212777122081388,"ATTEMPTER"
214552,1.57282785777166,-1.2515464245251,"IDEATOR"
214577,2.47044360838679,-1.26190662389639,"ATTEMPTER"
214710,1.9727083401056,-0.04618167806766,"ATTEMPTER"
215088,2.44545120697744,-0.15847964155122,"ATTEMPTER"
215129,2.08406968092603,0.409838907640616,"ATTEMPTER"
215141,2.3740813993405,-0.139376887705294,"DEPRESSION-IDEATOR"
215211,2.1154669733718,-0.409615970216692,"ATTEMPTER"
215215,2.16273399527117,-0.436080529661922,"ATTEMPTER"
215305,2.6348977767772,-0.768192740531981,"CONTROL"
215517,3.34989067217288,-0.827130077370803,"CONTROL"
215622,2.44519039482984,0.19082052448357,"ATTEMPTER"
215644,2.4240819154249,0.246931578946533,"ATTEMPTER"
215697,2.05741908903037,-0.463595911096491,"CONTROL"
215802,2.12058403887963,0.0252633469616171,"ATTEMPTER"
215842,1.8347572339371,-0.203862442042908,"CONTROL"
215853,2.08407465638593,-0.024535249755718,"ATTEMPTER"
215854,2.34834743216797,-0.0964612905643208,"ATTEMPTER"
215899,1.65541526335801,-0.110898274133797,"CONTROL"
215957,1.71140395044868,-1.56318373272037,"CONTROL"
216011,2.24853470917988,-0.157430270612531,"CONTROL"
216028,2.01258063985029,-1.26462292939624,"ATTEMPTER"
216032,1.81431532673814,0.0953446526698827,"CONTROL"
216045,1.92737436760217,-0.929276023060084,"CONTROL"
216113,1.82238625683822,-0.694913788931444,"ATTEMPTER"
216119,4.85934271989391,0.152097020274959,"ATTEMPTER"
216127,1.88051795685897,0.241610003035748,"ATTEMPTER"
216174,1.80143494621829,-0.235166936354897,"DEPRESSION"
216235,1.46257114931941,0.211938641965389,"IDEATOR"
216238,2.02994380630553,-0.065585900656879,"IDEATOR"
216370,2.37148273400527,-0.291846718988155,"DEPRESSION"
216467,3.1084112217049,-1.24629271002443,"IDEATOR"
216514,1.51781289777516,0.387117502722435,"ATTEMPTER"
216603,2.86146915267891,0.0253301481450762,"ATTEMPTER"
216607,1.7890613044623,0.577473754636958,"ATTEMPTER"
216720,2.55959749190001,-0.882729236442356,"IDEATOR"
216774,2.17685606423565,-0.0130346748682769,"ATTEMPTER"
216790,2.39682033639622,-0.3598195544585,"ATTEMPTER"
216806,2.50673813058529,0.13980823509628,"ATTEMPTER"
216845,1.66809504101418,0.10187458711564,"ATTEMPTER"
216882,2.09295256929777,-0.434339891663876,"ATTEMPTER"
217008,2.49490944475916,-0.333495315905339,"ATTEMPTER"
217048,2.46377748544328,0.151905048894696,"IDEATOR"
217094,2.27851156847271,-0.50874197913081,"DEPRESSION"
217142,1.79390490909582,-0.463867539634362,"IDEATOR"
217173,2.00232967886459,0.0909247534956648,"ATTEMPTER"
217283,1.86768547684571,0.479552729851889,"DEPRESSION"
217293,2.79461079631335,-0.521629444611869,"ATTEMPTER"
217341,3.17614395442324,-2.32846477697458,"ATTEMPTER"
217487,3.00267167992211,-1.27594033469377,"ATTEMPTER"
217514,2.45674222939748,-0.665928534200089,"ATTEMPTER"
217630,2.1638739039463,-0.361359807780537,"DEPRESSION"
217719,2.24542680485101,-0.206339928801754,"ATTEMPTER"
217909,1.98294769165582,0.334994130774294,"CONTROL"
217913,3.30456047089173,-0.838246867264691,"IDEATOR"
217988,2.75633240414842,-0.679359415349619,"ATTEMPTER"
218107,3.64554879520143,-0.894026353776364,"DEPRESSION"
218155,1.62227871147916,-0.0704739794600756,"IDEATOR"
218207,1.72135420020204,0.119873252906837,"CONTROL"
218219,1.94128866839783,-0.602247291167441,"DEPRESSION"
218312,2.58357080025944,0.0115375457054596,"IDEATOR"
218317,1.52001025223428,0.115646792390277,"IDEATOR"
218457,2.37498219493094,-0.287355759870525,"CONTROL"
218506,1.77727089975087,0.041397710028832,"CONTROL"
218572,2.13181770878804,-0.107820954786678,"ATTEMPTER"
218635,2.28012479998761,-0.611330286900921,"DEPRESSION"
218714,2.10852874955974,-0.209640888456398,"ATTEMPTER"
218728,2.29506580709722,-0.326881500644425,"ATTEMPTER"
218759,2.2412582764402,-1.58793113743886,"CONTROL"
218789,2.47911944179987,-0.00960838819644332,"DEPRESSION"
219044,2.18210638636913,-0.0216640874476014,"ATTEMPTER"
219052,2.18147760689935,-1.25342368242545,"DEPRESSION-IDEATOR"
219077,2.5007867649185,-2.02501144336461,"DEPRESSION"
219089,2.8809894921052,0.125893305943305,"IDEATOR"
219144,2.44390146369565,-0.260299692003356,"CONTROL"
219471,2.67243588174461,-0.111386183058494,"CONTROL"
219570,3.10806594464984,-0.972551181081113,"ATTEMPTER"
219619,3.04255377929285,-1.19965489141225,"CONTROL"
219658,2.14204618050717,-0.47306627528742,"DEPRESSION"
219675,3.03772024740266,-0.656669433360049,"IDEATOR"
219676,2.47295120396375,0.341429652130319,"CONTROL"
219698,3.10247600166785,-0.279967978042247,"CONTROL"
219726,3.76320717633919,0.0733848858764586,"ATTEMPTER"
219772,2.39690976546845,0.257271839224268,"ATTEMPTER"
219788,2.32381775369772,-0.276657631616582,"CONTROL"
219809,1.60753283340582,-0.337107455363003,"DEPRESSION"
219855,2.7159651789262,0.200178973756033,"IDEATOR"
219863,2.13187753634456,-0.742234348632664,"DEPRESSION"
219886,2.36405236793295,0.165609704185579,"CONTROL"
219928,2.42022045321173,-0.201698364249024,"IDEATOR-ATTEMPTER"
219940,2.52385348517228,-0.987463095526943,"CONTROL"
219944,2.3131577759139,0.0298844638130049,"CONTROL"
219949,2.27453702923004,-0.763427161567439,"ATTEMPTER"
219950,2.36834483081341,-0.714931740102202,"CONTROL"
219954,2.39385321363807,-0.113987339287997,"CONTROL"
220017,2.35647257829005,-0.223435097017501,"CONTROL"
220024,1.98801259019366,-0.113111725978411,"CONTROL"
220043,3.08266310521576,0.263655149951228,"CONTROL"
220051,2.48502286058356,-1.06506793337758,"IDEATOR"
220064,2.36194428439537,-0.792048368499859,"CONTROL"
220071,2.42888320755919,-0.694240250725125,"ATTEMPTER"
220104,2.24020694101055,-0.210472278331873,"CONTROL"
220105,1.96240125253826,-0.382792035065359,"DEPRESSION"
220130,2.53111437148691,-1.5142243255832,"CONTROL"
220146,1.86066412146975,0.258087648895889,"ATTEMPTER"
220152,1.77445897926518,0.367330261485768,"ATTEMPTER"
220184,3.07416712546512,-0.801896348404513,"CONTROL"
220186,2.72789201532306,0.130768621145822,"ATTEMPTER"
220244,2.94678463974887,-0.208641645887111,"IDEATOR"
220274,2.44615647474646,-0.972319531794025,"ATTEMPTER"
220299,2.33527499671691,-0.239219252459589,"IDEATOR"
220330,2.91744563040347,-0.0200288155360568,"CONTROL"
220363,3.51287922592608,0.0697582908247581,"ATTEMPTER"
220378,2.47836583137939,-1.22745988058247,"DEPRESSION"
220399,2.44920413022377,-0.141731711159128,"ATTEMPTER"
220401,2.85498703213586,-0.673171557519325,"IDEATOR"
220407,3.15990445486946,-0.572034235907027,"DEPRESSION"
220426,2.01465598745508,-0.79325950649145,"ATTEMPTER"
220441,2.7684531952189,-0.0559004779172029,"ATTEMPTER"
220451,2.43923191048922,-0.786245114795089,"IDEATOR"
220477,2.88044637027424,-0.995582013977611,"ATTEMPTER"
220492,2.02677662437727,-0.404712084033963,"DEPRESSION"
220495,2.07862886802177,-0.732329385005869,"IDEATOR"
220496,2.14420094622765,-0.623371326457709,"ATTEMPTER"
220513,2.1660522655875,-0.633327125362121,"CONTROL"
220523,2.49636167127784,-0.480269163146341,"IDEATOR"
220553,2.05754198420618,-0.455747489200439,"ATTEMPTER"
220566,1.9365506209695,-0.0745772764457798,"DEPRESSION"
220597,2.96222763554754,0.243616296842606,"IDEATOR"
220678,2.02635308197682,-0.235902484026338,"IDEATOR"
220684,2.73116925740715,0.144275871868104,"ATTEMPTER"
220740,1.90591544950148,-0.0510516047273996,"ATTEMPTER"
220758,2.39075472205877,0.250632603466511,"DEPRESSION"
220772,2.50565491398006,-0.0804619430539447,"IDEATOR"
220789,2.09410495963343,-0.0520104197949811,"DEPRESSION"
220796,2.34046343857672,-0.0119358984562269,"ATTEMPTER"
220865,3.60552201946685,-0.259282434600528,"DEPRESSION"
220889,2.26286964830215,-0.150219874089817,"DEPRESSION"
220908,2.14699154874033,-0.721603346741176,"IDEATOR"
220909,2.23704584366405,-0.619339758833667,"ATTEMPTER"
220913,2.55346016052413,-0.135327145061275,"IDEATOR"
220926,2.43280499816956,-0.540930013279286,"IDEATOR"
220927,2.00663786726637,-1.17081250801768,"IDEATOR"
220940,1.79947390723973,-0.322846496850253,"CONTROL"
220963,1.98453222891549,-0.648353950632736,"CONTROL"
220976,2.27428058037477,-0.405704089061829,"CONTROL"
220989,2.1953138642642,-0.267410107043725,"IDEATOR"
221018,2.07078134441915,-1.37541797927686,"CONTROL"
221036,1.21766508806836,0.582372655959762,"CONTROL"
221037,2.15175589345017,-0.286669635662111,"CONTROL"
221050,2.03703699937323,-0.0183405750198291,"ATTEMPTER"
221080,3.1444573079859,-0.944860298977451,"DEPRESSION"
221085,2.51195701739854,-0.164653898830648,"IDEATOR"
221099,3.6654838676545,0.0317415229076102,"CONTROL"
221140,2.57852362767834,-1.28955230454367,"ATTEMPTER"
221164,2.32399479367041,0.043180617106168,"ATTEMPTER"
221166,1.83959887974779,0.139362772932509,"DEPRESSION"
221167,1.93513981344713,-0.583265370564914,"CONTROL"
221168,1.98853998814981,-1.31514090495712,"ATTEMPTER"
221181,2.2106673478047,-0.173543845087989,"IDEATOR"
221183,2.89021423707664,-0.0737713864530861,"IDEATOR"
221193,2.59098393468702,-0.541575555720101,"ATTEMPTER"
221206,1.77684275333631,-0.368072969351488,"IDEATOR"
221212,2.07562713097568,-0.154955880451235,"DEPRESSION"
221220,2.13877616315541,-0.908024337701716,"CONTROL"
221226,1.73544422244991,-0.180901325318927,"IDEATOR"
221228,1.75495935737681,-0.141418518640057,"DEPRESSION"
221229,2.04416873446257,0.390616753936265,"DEPRESSION"
221242,2.92033515081466,-1.05249382447583,"ATTEMPTER"
221245,1.93524939665122,0.419580033561124,"IDEATOR"
221256,2.03032257773637,0.260959327783189,"ATTEMPTER"
221261,2.07412691115425,0.146954021290037,"IDEATOR"
221262,3.2393610760837,-0.120932045554264,"IDEATOR"
221273,2.07025842693329,0.0102599375393764,"IDEATOR"
221295,4.55163665723916,0.0237354543496819,"ATTEMPTER"
881010,2.12914337441325,-0.473670087009669,"DEPRESSION"
881012,2.73062412819929,-0.726071212840749,"DEPRESSION"
881024,1.980657965025,0.372863098848768,"ATTEMPTER"
881039,2.09188946585605,-0.237338989711316,"DEPRESSION"
881042,2.93865951436704,-0.185935409398782,"IDEATOR"
881059,2.74417374717305,-0.121374594236841,"DEPRESSION"
881071,2.28889400964181,-0.089811383018423,"DEPRESSION"
881075,3.1168974807452,-0.561600168572022,"ATTEMPTER"
881083,1.83997071718763,0.529578729457018,"DEPRESSION"
881089,1.75200697813893,-0.318383044804046,"DEPRESSION"
881091,2.22416586784211,0.232302786601122,"IDEATOR"
881096,1.89598867033847,-0.258685582098713,"DEPRESSION"
881100,2.90644839091219,0.0462949323990869,"IDEATOR"
881105,1.94142808690667,-0.859248900040984,"DEPRESSION"
881106,1.86656577728368,-0.274126759674073,"DEPRESSION"
881132,2.0168477251018,-0.370618531064975,"DEPRESSION"
881137,2.93899810381595,-0.149269642189576,"IDEATOR"
881152,2.28112319166254,-0.525390377234681,"DEPRESSION"
881224,2.54119463581228,-0.0401525552313616,"DEPRESSION"
881230,2.78821910218131,0.273165079285298,"DEPRESSION"
