"thr","drift","sub","aces","env"
1.72594975417014,-0.546318596519996,1321518,1,"rich"
1.54416350817628,-0.938532353326446,1322307,1,"rich"
1.79901679481715,-2.12761352408456,1350320,0,"rich"
1.83387858935149,-0.365267195728348,1351244,1,"rich"
1.43047430925799,-1.48450641580811,1354285,1,"rich"
2.10921583264717,-1.54165230837534,1354331,1,"rich"
2.36336911317689,-1.29774899318842,1355186,1,"rich"
2.29870128291077,-0.000180818578519457,1354564,1,"rich"
1.89050157061159,-1.71009237626116,1375447,1,"rich"
1.8383130852264,-1.43415402509854,1376799,1,"rich"
3.90019743526639,-1.45770240242319,1401930,1,"rich"
1.77852937532256,-2.98239515275905,1403050,0,"rich"
1.45027508705389,-0.539327499468345,1409559,1,"rich"
1.77862888173744,-1.31134011917604,1422611,0,"rich"
1.85257423549633,-0.515687295280987,1423247,1,"rich"
1.72409863384382,-1.06504122073529,1424793,1,"rich"
1.51658190438191,-1.83959429916487,1431257,1,"rich"
2.05402333582699,-2.64981997401692,1435591,1,"rich"
1.45654394080529,-2.46925464854398,1436865,1,"rich"
1.75468252860729,-1.82819455787907,1437029,1,"rich"
2.54267834341999,-0.0963612269460783,1438110,1,"rich"
1.90669947806735,-1.74612183916933,1438922,1,"rich"
2.0887090552962,-0.751792647101684,1441531,1,"rich"
1.4732875254312,-1.51911580434851,1461289,1,"rich"
1.87759246193655,-1.7516853308909,1465669,1,"rich"
1.45201621622384,-0.117335365069823,1466100,0,"rich"
2.0717037224288,-1.71601757854728,1474522,1,"rich"
2.8105452238964,-1.94196929522671,1480969,1,"rich"
4.03181620418459,-2.1405604520968,1532232,1,"rich"
2.33506282297281,-1.81302420179727,1533334,1,"rich"
2.1892984608443,-1.54257982711715,1578894,1,"rich"
1.9306006560442,-1.58574447385317,1581331,1,"rich"
1.69894848464626,-2.2635596856289,1596323,0,"rich"
1.5669785205992,-2.0736123889878,1596822,0,"rich"
2.22742320281598,-1.07624108450409,1597206,1,"rich"
2.68639996197665,-0.71644987291694,1604584,0,"rich"
1.77630128874644,-1.69686043117983,1604722,1,"rich"
1.14740814635135,-1.37518523411969,1394449,0,"rich"
1.65907807231452,-1.32428617429832,1394451,0,"rich"
1.52302057599795,-2.051599465595,1394453,1,"rich"
1.50094470402357,-2.2608972984422,1562848,0,"rich"
1.66066080667949,-2.01637801474897,1608863,1,"rich"
1.84578010669747,-2.05653521499246,1608853,0,"rich"
1.7345788958449,-1.67081836961449,1608875,0,"rich"
1.62309645954773,-2.43393836489896,1609033,0,"rich"
1.96957879699749,-2.0188241732093,1608997,1,"rich"
1.80380549614516,-2.30236373014982,1609170,0,"rich"
1.98707984828914,-2.02703383515576,1609138,0,"rich"
1.86763080156163,-1.39373283104151,1612324,0,"rich"
2.62084707906366,-2.87108575961314,1613561,0,"rich"
1.56364603464044,-2.62491695522616,1618951,0,"rich"
1.81619165962821,-0.285590282356427,1619955,0,"rich"
2.52120748156303,-1.71775720938458,1622288,0,"rich"
1.55741416833844,-1.69353393955926,1624530,0,"rich"
2.05803572847865,-1.62210074711375,1632795,1,"rich"
1.68673876713532,-0.478976705777813,1619280,0,"rich"
1.68541938795972,-1.6073362021621,1613173,0,"rich"
1.39318819743371,-1.49376805517624,1610627,0,"rich"
1.49289568324647,-1.94441034322398,1610442,0,"rich"
1.64758899521935,-1.19881451479978,1609534,0,"rich"
2.46209972903273,-2.60759949763831,1608940,1,"rich"
1.42027788397867,-1.09837923249782,1608976,0,"rich"
1.34327613117629,-1.84173506407598,1498002,0,"rich"
1.80577684043092,-0.989448775001802,1471313,0,"rich"
2.08221278960276,-0.845884020818199,1490848,0,"rich"
38.5622556702604,-77.1996786019852,1490849,1,"rich"
2.00863565386037,-1.13541027814472,1490851,0,"rich"
1.81732562724792,-0.61218870342127,1490845,0,"rich"
1.60275723950927,-1.43472965872271,1490850,0,"rich"
1.37052569825829,-2.74254437739488,1490855,0,"rich"
1.99133110967375,-2.673953225167,1490847,0,"rich"
2.098170233331,-1.62626037511781,1490854,0,"rich"
1.606175911887,-1.22834102655942,1490880,0,"rich"
1.77810268111943,-1.318021862421,1627002,0,"rich"
1.51168202419675,-1.67620551375741,1626995,0,"rich"
1.4245940540812,-1.61307881235695,1627000,1,"rich"
2.22423682161466,-1.43756006333733,1627003,0,"rich"
1.64277318002491,-2.0509642843176,1627001,1,"rich"
1.64523648511812,-1.74221507087208,1627005,0,"rich"
2.06109330356313,-1.6285176795791,1627136,0,"rich"
1.61863101960587,-1.8191035920672,1627137,1,"rich"
1.41235072816439,-1.94977506300912,1627006,0,"rich"
1.66543239210387,-0.907552163804053,1627154,0,"rich"
1.63078288543817,-3.10284497051476,1626999,0,"rich"
1.6167720728605,-1.99365711387591,1627139,0,"rich"
1.65050653812924,-2.0585516124158,1627135,1,"rich"
1.79042157954728,-1.81510179317283,1627144,1,"rich"
1.80633823138081,-2.89812982173886,1627140,1,"rich"
1.65339284690819,-1.59547878389119,1627153,0,"rich"
1.66510741173791,-1.90615889890769,1627200,0,"rich"
1.31082414928737,-2.40496719223488,1627256,0,"rich"
1.56648373325581,-2.38947613606349,1627195,0,"rich"
1.32387893337724,-1.68457443475069,1627467,0,"rich"
1.53792839322249,-3.39413836620415,1628046,0,"rich"
1.98994757476775,-2.92413667153431,1646504,0,"rich"
1.4695008340106,-3.5081658832074,1646510,0,"rich"
1.66226293892716,-2.78357869198416,1646503,0,"rich"
1.90965551270234,-3.7194411379782,1490987,1,"rich"
1.6925887205176,-1.58070382698352,1471330,0,"rich"
1.63918997550852,-1.14014047024659,1471332,0,"rich"
1.67455404798243,-2.08010745084957,1471337,0,"rich"
1.89794127558629,-1.49060951651119,1471289,0,"rich"
1.81688791663373,-1.329544342378,1471292,0,"rich"
1.56011194135336,-2.51306330766275,1471331,0,"rich"
1.24609533069131,-1.23167788032524,1471328,0,"rich"
1.46221719737253,-2.49174863741337,1471303,0,"rich"
2.19707682599017,-3.54362259960585,1471298,0,"rich"
1.60333265121439,-1.61371298230529,1646508,0,"rich"
2.20802381233972,-2.38003222853485,1646505,1,"rich"
1.96557734715687,-1.28389192512052,1646516,0,"rich"
1.45614929689944,-2.16068578202157,1646522,0,"rich"
1.77010385241593,-1.30409597256219,1646512,0,"rich"
1.61441436889229,-2.00786302765762,1646513,0,"rich"
1.4623552830824,-1.52750477106806,1646497,0,"rich"
1.35836104358129,-2.07667968678723,1646530,0,"rich"
2.17642930137221,-2.19766764589146,1646506,0,"rich"
1.79347031060846,-1.94510577373944,1646515,0,"rich"
1.68833430622655,-1.86481961299601,1646532,0,"rich"
1.91448288208916,-3.17659333344111,1646557,0,"rich"
1.230458595079,-1.57531645255989,1646509,0,"rich"
1.61723968771906,-1.55382569824937,1646652,0,"rich"
1.70103044402588,-1.27868566328318,1646886,0,"rich"
1.43128484124861,-2.32130728255169,1646918,0,"rich"
1.73543375181448,-1.42158763771365,1651279,1,"rich"
1.32903285271872,-2.54128093651653,1651275,0,"rich"
1.24471233279637,-1.28412062518983,1651292,0,"rich"
2.01128038838278,-1.71375395540926,1651288,0,"rich"
2.21571911172152,-2.23323858644221,1651298,0,"rich"
2.47247088119912,-1.68697576426202,1651299,0,"rich"
1.26782135948172,-1.25918269576638,1651276,0,"rich"
1.64407904829965,-2.0409378042634,1651289,0,"rich"
1.54415136334214,-1.25825226858766,1651295,0,"rich"
1.62290935893323,-2.48732044220381,1651293,0,"rich"
1.46871517723627,-3.02486825847362,1651274,0,"rich"
1.53358092072676,-0.576579821587438,1651277,0,"rich"
1.43817296322201,-2.83978696434491,1651307,0,"rich"
1.71217069785284,-1.51903260324645,1651312,0,"rich"
1.7878216033656,-2.19694895194963,1651370,0,"rich"
2.12117433451504,-1.55688988860093,1651324,0,"rich"
1.63238078336566,-0.920108985235629,1321518,1,"poor"
1.446079244262,-0.941691753346459,1322307,1,"poor"
1.83853710606168,-1.43469527154539,1350320,0,"poor"
1.95902474856703,-0.70206772745587,1351244,1,"poor"
1.71480459516478,-1.94806588728037,1354285,1,"poor"
1.70502871491903,-1.76058710341194,1354331,1,"poor"
1.38942414026193,-2.55729657963762,1355186,1,"poor"
2.96560194383959,-0.766458154915154,1354564,1,"poor"
1.97591636334037,-0.969948458348518,1375447,1,"poor"
1.70910357588204,-1.55375179614101,1376799,1,"poor"
3.56500813121447,-1.36472346759504,1401930,1,"poor"
1.53588915944318,-1.68593575957954,1403050,0,"poor"
1.60651489958514,-0.445111257047415,1409559,1,"poor"
2.00332344682636,-1.33065746126986,1422611,0,"poor"
1.62158559968821,-1.55843470480702,1423247,1,"poor"
1.54442009982745,-1.25059195724342,1424793,1,"poor"
1.61196333848578,-1.79664242992135,1431257,1,"poor"
1.5977284275419,-2.00398992532923,1435591,1,"poor"
1.41749523395237,-1.75591336204688,1436865,1,"poor"
1.55564101682871,-2.34106025227747,1437029,1,"poor"
1.93473057666524,-0.0567208383411526,1438110,1,"poor"
1.74088113599065,-1.92116506564721,1438922,1,"poor"
2.1904191039694,-0.984668021635296,1441531,1,"poor"
1.69339741512025,-1.89787225957772,1461289,1,"poor"
1.89526221556589,-0.96293999934569,1465669,1,"poor"
1.7825454552642,-1.19669689127877,1466100,0,"poor"
2.04706014927459,-1.22905726750755,1474522,1,"poor"
1.98588453582267,-1.55793360028538,1480969,1,"poor"
3.92981222289082,-2.24056229668956,1532232,1,"poor"
2.17101710077978,-1.79681289250984,1533334,1,"poor"
2.18348913772742,-1.21023729107833,1578894,1,"poor"
1.90236491062736,-1.6975823859966,1581331,1,"poor"
1.52984668923347,-2.03416730532136,1596323,0,"poor"
1.69644287812703,-1.48521331190754,1596822,0,"poor"
2.16542084561215,-0.076685512791778,1597206,1,"poor"
6.62001362627401,-2.69522294036167,1604584,0,"poor"
1.72331166246924,-1.58318744946014,1604722,1,"poor"
1.66054484870833,-2.4533872857474,1394449,0,"poor"
1.64581170720152,-1.22275434131054,1394451,0,"poor"
1.35994470339328,-1.80934131150021,1394453,1,"poor"
1.55982827068309,-1.96330608716961,1562848,0,"poor"
1.67551710740888,-2.05552956467495,1608863,1,"poor"
1.87037937620765,-1.56956647406216,1608853,0,"poor"
1.48489484759873,-1.61432757654819,1608875,0,"poor"
1.50811161849672,-2.26560764267827,1609033,0,"poor"
1.75815709273314,-1.86497221052749,1608997,1,"poor"
1.57835446235479,-1.84905233673065,1609170,0,"poor"
1.9619150022947,-1.56298592508538,1609138,0,"poor"
1.79627891622949,-1.01162338564172,1612324,0,"poor"
1.81725592419401,-2.24377074905203,1613561,0,"poor"
1.50240629769204,-2.0962411654461,1618951,0,"poor"
1.85462694347661,-0.640809158576303,1619955,0,"poor"
1.92080026714038,-1.63828482691933,1622288,0,"poor"
1.49360585234035,-1.97457995116232,1624530,0,"poor"
1.90953498038016,-1.23156549967316,1632795,1,"poor"
1.64763816705802,-0.386373143036417,1619280,0,"poor"
1.73068767300775,-1.58359806546483,1613173,0,"poor"
1.38928291244666,-1.34350713784735,1610627,0,"poor"
1.6004574066787,-1.65755191481967,1610442,0,"poor"
1.6140501879788,-1.09493019983231,1609534,0,"poor"
2.44928928687048,-2.6646068935194,1608940,1,"poor"
1.38535180279217,-0.855055410820887,1608976,0,"poor"
1.43340473773134,-2.05164416997591,1498002,0,"poor"
1.57909112608429,-1.00426727804506,1471313,0,"poor"
1.9461533898022,-0.840783537668176,1490848,0,"poor"
2.38693522761266,-1.36819865975585,1490849,1,"poor"
2.36670766016131,-0.875506570186892,1490851,0,"poor"
1.68028928958513,-1.13459295358234,1490845,0,"poor"
1.56417840620127,-1.29653397829325,1490850,0,"poor"
1.37175588424538,-2.27969633183649,1490855,0,"poor"
1.83877746433665,-2.40176472009157,1490847,0,"poor"
1.90526126010195,-1.27784847315361,1490854,0,"poor"
1.50401198668355,-1.20254377042453,1490880,0,"poor"
1.46925648978834,-1.91601172992313,1627002,0,"poor"
1.59672861409052,-1.71227138735683,1626995,0,"poor"
1.36096256513957,-2.05838708638767,1627000,1,"poor"
1.82267069482461,-1.37975937143586,1627003,0,"poor"
2.08453993441227,-1.30399754596313,1627001,1,"poor"
1.52282949283109,-1.46065219964642,1627005,0,"poor"
1.02197320499971,-0.568427947993552,1627136,0,"poor"
1.62020081075859,-1.72733819115419,1627137,1,"poor"
1.6658944698075,-1.57339105760345,1627006,0,"poor"
1.81053439420515,-1.58104629994136,1627154,0,"poor"
1.58867016613168,-1.74311802915121,1626999,0,"poor"
1.62336953349399,-1.37506898527631,1627139,0,"poor"
1.47176490128665,-1.5875418384296,1627135,1,"poor"
1.49948178531484,-1.38720671659166,1627144,1,"poor"
1.55687668972284,-2.11468695330429,1627140,1,"poor"
1.59158387932091,-2.146920094069,1627153,0,"poor"
1.62172320103647,-1.99058792395088,1627200,0,"poor"
1.22958385492174,-2.80745888160027,1627256,0,"poor"
1.41206923106912,-1.81434460549655,1627195,0,"poor"
1.39847379099251,-1.67011696534253,1627467,0,"poor"
1.57509229938006,-3.04233149279865,1628046,0,"poor"
1.49599720410394,-2.1296344748243,1646504,0,"poor"
1.27424321295665,-2.78068687979575,1646510,0,"poor"
1.50775264548101,-1.91150830038848,1646503,0,"poor"
1.7318472272587,-2.15513585901792,1490987,1,"poor"
1.37099428097208,-0.373802019332652,1471330,0,"poor"
1.56811406337329,-1.04863067762781,1471332,0,"poor"
1.64128330192117,-2.45019230861897,1471337,0,"poor"
1.8240077977485,-1.31790372706906,1471289,0,"poor"
1.5322935378125,-1.3115534188442,1471292,0,"poor"
1.40078953565462,-2.15966110954337,1471331,0,"poor"
1.47563199782735,-1.76455736048593,1471328,0,"poor"
1.48650094358934,-1.82403229093569,1471303,0,"poor"
3.11933293629205,-3.35404280451421,1471298,0,"poor"
1.51404559206126,-1.34444354496209,1646508,0,"poor"
1.74417879682305,-1.80174030711489,1646505,1,"poor"
1.6078450242937,-1.24271666437748,1646516,0,"poor"
1.5893182199779,-1.46326774687689,1646522,0,"poor"
1.70835930258301,-1.19709457748747,1646512,0,"poor"
1.37873292075001,-1.62596010257328,1646513,0,"poor"
1.33245794380628,-0.888636109883737,1646497,0,"poor"
1.1624313751945,-2.22943307927109,1646530,0,"poor"
2.10669239643115,-1.81151535864341,1646506,0,"poor"
1.49284472442345,-2.20628408204547,1646515,0,"poor"
1.52199735751747,-2.18667314734829,1646532,0,"poor"
1.42591986948373,-2.38993184601941,1646557,0,"poor"
1.4807848401364,-0.307832489370048,1646509,0,"poor"
1.0158467191535,-2.86555060991083,1646652,0,"poor"
1.80520088961348,-1.07442617164925,1646886,0,"poor"
1.45023666033625,-2.41984599361024,1646918,0,"poor"
1.63323419935589,-1.40553054884696,1651279,1,"poor"
1.25483935045308,-2.55612114691943,1651275,0,"poor"
1.1521937520996,-0.879538218988307,1651292,0,"poor"
2.08722054214562,-1.3996675150212,1651288,0,"poor"
1.87771667435654,-1.57325741293863,1651298,0,"poor"
1.80902328202553,-1.8894572145171,1651299,0,"poor"
1.40173843354132,-0.635576499934541,1651276,0,"poor"
1.59236815358693,-1.4259654122015,1651289,0,"poor"
1.3248433219799,-1.68894594685305,1651295,0,"poor"
1.74934917211547,-1.77209500153356,1651293,0,"poor"
1.5144749155569,-1.31214581716481,1651274,0,"poor"
1.47085871653751,-2.07406183330004,1651277,0,"poor"
1.47046176564328,-1.34128171690374,1651307,0,"poor"
1.6464074615067,-1.37232307182327,1651312,0,"poor"
1.50885225225485,-1.66016147527073,1651370,0,"poor"
1.73376911649822,-1.48169235146695,1651324,0,"poor"
